idPhanLoai,idPhanLoaiCha,tenKhoaHoc,tenTiengViet,tenTiengAnh,bacPhanLoai_vi,bacPhanLoai_en,ghiChu
1,,Mammalia,Thú,,Lớp,Class,
2,,Aves,Chim,,Lớp,Class,
3,,Reptilia,Bò sát,,Lớp,Class,
4,,Amphibia,Lưỡng cư,,Lớp,Class,
5,,Actinopterygii,Cá xương,,Lớp,Class,
6,1.0,Artiodactyla,Guốc chẵn,,Bộ,Order,
7,1.0,Carnivora,Ăn thịt,,Bộ,Order,
8,1.0,Chiroptera,Dơi,,Bộ,Order,
9,1.0,Pholidota,Có vảy,,Bộ,Order,
10,1.0,Primates,Linh trưởng,,Bộ,Order,
11,1.0,Rodentia,Gặm nhấm,,Bộ,Order,
12,1.0,Scandentia,Nhiều răng,,Bộ,Order,
13,2.0,Accipitriformes,Ưng,,Bộ,Order,
14,2.0,Coraciiformes,Sả,,Bộ,Order,
15,2.0,Anseriformes,Ngỗng,,Bộ,Order,
16,2.0,Suliformes,Cổ rắn,,Bộ,Order,
17,2.0,Pelecaniformes,Bồ nông,,Bộ,Order,
18,2.0,Caprimulgiformes,Cú muỗi,,Bộ,Order,
19,2.0,Passeriformes,Sẻ,,Bộ,Order,
20,2.0,Ciconiiformes,Hạc,,Bộ,Order,
21,2.0,Columbiformes,Bồ câu,,Bộ,Order,
22,2.0,Cuculiformes,Cu cu,,Bộ,Order,
23,2.0,Charadriiformes,Choi choi,,Bộ,Order,
24,2.0,Piciformes,Gõ kiến,,Bộ,Order,
25,2.0,Podicipediformes,Chim lặn,,Bộ,Order,
26,2.0,Gruiformes,Sếu,,Bộ,Order,
27,2.0,Strigiformes,Cú,,Bộ,Order,
28,3.0,Squamata,Có vảy,,Bộ,Order,
29,3.0,Testudines,Rùa,,Bộ,Order,
30,4.0,Anura,Không đuôi,,Bộ,Order,
31,4.0,Gymnophiona,Không chân,,Bộ,Order,
32,5.0,Anabantiformes,Cá rô đồng,,Bộ,Order,
33,5.0,Siluriformes,Cá da trơn,,Bộ,Order,
34,5.0,Cypriniformes,Cá chép,,Bộ,Order,
35,5.0,Synbranchiformes,Lươn,,Bộ,Order,
36,5.0,Osteoglossiformes,Cá thát lát,,Bộ,Order,
37,5.0,Synbranchiformes,Lươn,,Bộ,Order,
38,5.0,Beloniformes,Cá kìm,,Bộ,Order,
39,6.0,Cervidae,Hưu nai,,Họ,Family,
40,6.0,Suidae,Lợn,,Họ,Family,
41,7.0,Felidae,Mèo,,Họ,Family,
42,7.0,Herpestidae,Cầy lỏn,,Họ,Family,
43,7.0,Mustelidae,Chồn,,Họ,Family,
44,7.0,Viverridae,Cầy,,Họ,Family,
45,8.0,Pteropodidae,Dơi quả,,Họ,Family,
46,8.0,Vespertilionidae,Dơi muỗi,,Họ,Family,
47,9.0,Manidae,Tê tê,,Họ,Family,
48,10.0,Cercopithecidae,Khỉ,,Họ,Family,
49,11.0,Muridae,Chuột,,Họ,Family,
50,11.0,Sciuridae,Sóc,,Họ,Family,
51,12.0,Tupaiidae,Đồi,,Họ,Family,
52,13.0,Accipitridae,Ưng,,Họ,Family,
53,14.0,Alcedinidae,Bói cá,,Họ,Family,
54,15.0,Anatidae,Vịt,,Họ,Family,
55,16.0,Anhingidae,Cổ rắn,,Họ,Family,
56,17.0,Ardeidae,Diệc,,Họ,Family,
57,19.0,Campephagidae,Phường chèo,,Họ,Family,
58,18.0,Caprimulgidae,Cú muỗi,,Họ,Family,
59,19.0,Cisticolidae,Chiền chiện,,Họ,Family,
60,20.0,Ciconiidae,Hạc,,Họ,Family,
61,21.0,Columbidae,Bồ câu,,Họ,Family,
62,19.0,Coraciidae,Sả rừng,,Họ,Family,
63,19.0,Aegithinidae,Chim nghệ,,Họ,Family,
64,19.0,Corviidae,Quạ,,Họ,Family,
65,19.0,Dicruridae,Chèo bẻo,,Họ,Family,
66,19.0,Rhipiduridae,Rẻ quạt,,Họ,Family,
67,22.0,Cuculidea,Cu cu,,Họ,Family,
68,23.0,Glareolidae,Dô nách,,Họ,Family,
69,19.0,Hirundinidae,Nhạn,,Họ,Family,
70,23.0,Jacanidae,Gà lôi nước,,Họ,Family,
71,19.0,Laniidae,Bách thanh,,Họ,Family,
72,14.0,Meropidea,Trảu,,Họ,Family,
73,19.0,Muscicapidae,Đớp ruồi,,Họ,Family,
74,19.0,Dicaeida,Chim sâu,,Họ,Family,
75,19.0,Nectariniidae,Hút mật,,Họ,Family,
76,13.0,Pandionidae,Ó cá,,Họ,Family,
77,19.0,Pardalotidae,Chích bụng vàng,,Họ,Family,
78,19.0,Passeridae,Sẻ,,Họ,Family,
79,19.0,Estrildidae,Chim di,,Họ,Family,
80,19.0,Pellorneidae,Chuối tiêu,,Họ,Family,
81,17.0,Phalacrocoracidae,Cốc,,Họ,Family,
82,24.0,Picidae,Gõ kiến,,Họ,Family,
83,25.0,Podicipedidae,Chim lặn,,Họ,Family,
84,19.0,Pycnonotidae,Chào mào,,Họ,Family,
85,26.0,Rallidae,Gà nước,,Họ,Family,
86,27.0,Strigidae,Cú mèo,,Họ,Family,
87,19.0,Sturnidae,Sáo,,Họ,Family,
88,19.0,Acrocephalidae,Chích,,Họ,Family,
89,19.0,Timaliidae,Khứu,,Họ,Family,
90,19.0,Locustellidae,Chích đầm lầy,,Họ,Family,
91,27.0,Tytonidae,Cú lợn,,Họ,Family,
92,19.0,Zosteropidae,Vành khuyên,,Họ,Family,
93,28.0,Agamidae,Nhông,,Họ,Family,
94,29.0,Bataguridae,Rùa đầm,,Họ,Family,
95,28.0,Colubridae,Rắn nước,,Họ,Family,
96,28.0,Cylindrophiidae,Rắn trun,,Họ,Family,
97,28.0,Elapidae,Rắn hổ,,Họ,Family,
98,28.0,Gekkonidae,Tắc kè,,Họ,Family,
99,28.0,Homalopsidae,Rắn ri,,Họ,Family,
100,28.0,Lacertidae,Thằn lằn,,Họ,Family,
101,28.0,Pythonidae,Trăn,,Họ,Family,
102,28.0,Scincidae,Thằn lằn bóng,,Họ,Family,
103,28.0,Typhlopidae,Rắn giun,,Họ,Family,
104,28.0,Varanidae,Kỳ đà,,Họ,Family,
105,28.0,Viperidae,Rắn lục,,Họ,Family,
106,28.0,Xenopeltidae,Rắn mống,,Họ,Family,
107,30.0,Bufonidae,Cóc,,Họ,Family,
108,30.0,Rhacophoridae,Ếch cây,,Họ,Family,
109,30.0,Ranidae,Ếch nhái,,Họ,Family,
110,30.0,Dicroglossidae,Ếch nhái chính thức,,Họ,Family,
111,31.0,Ichthyophiidae,Ếch giun,,Họ,Family,
112,32.0,Anabantidae,Rô đồng,,Họ,Family,
113,33.0,Clariidae,Cá trê,,Họ,Family,
114,34.0,Danionidae,Cá Lòng tong,,Họ,Family,
115,35.0,Mastacembelidae,Chạch sông,,Họ,Family,
116,36.0,Notopteridae,Thát lát,,Họ,Family,
117,32.0,Channidae,Cá lóc,,Họ,Family,
118,32.0,Osphronemidae,Tai tượng,,Họ,Family,
119,32.0,Pristolepididae,Rô biển,,Họ,Family,
120,33.0,Siluridae,Cá nheo,,Họ,Family,
121,37.0,Synbranchidae,Lươn,,Họ,Family,
122,38.0,Zenarchopteridae,Lìm kìm,,Họ,Family,
123,39.0,Rusa unicolor,Nai,Sambar / Sambar deer,Loài,Species,
124,40.0,Sus scrofa,Heo rừng,Wild boar / Wild pig,Loài,Species,
125,41.0,Prionailurus bengalensis,Mèo rừng,Leopard cat,Loài,Species,
126,41.0,Prionailurus viverrinus,Mèo cá,Fishing cat,Loài,Species,
127,42.0,Herpestes javanicus,Cầy lỏn tranh,Small Asian mongoose / Javan mongoose,Loài,Species,
128,42.0,Herpestes urva,Cầy móc cua,Crab-eating mongoose,Loài,Species,
129,43.0,Aonyx cinerea,Rái cá vuốt bé,Asian small-clawed otter,Loài,Species,
130,43.0,Lutrogale perspicillata,Rái cá lông mượt,Smooth-coated otter,Loài,Species,
131,43.0,Lutra sumatrana,Rái cá lông mũi,Hairy-nosed otter,Loài,Species,
132,43.0,Lutra lutra,Rái cá thường,Eurasian otter / Common otter / European otter,Loài,Species,
133,44.0,Paradoxurus hermaphroditus,Cầy vòi hương,Asian palm civet / Common palm civet,Loài,Species,
134,44.0,Viverricula indica,Cầy hương,Small Indian civet,Loài,Species,
135,44.0,Viverra zibetha,Cầy giông,Large Indian civet,Loài,Species,
136,45.0,Cynopterus brachyotis,Dơi chó tai ngắn,Lesser short-nosed fruit bat / Lesser dog-faced fruit bat,Loài,Species,
137,45.0,Pteropus vampyrus,Dơi ngựa lớn,Large flying fox,Loài,Species,
138,45.0,Pteropus lylei,Dơi ngựa ly-lê,Lyle's flying fox,Loài,Species,
139,46.0,Scotophilus kuhlii,Dơi nâu,Lesser Asiatic yellow bat / Kuhl's pipistrelle,Loài,Species,
140,46.0,Kerivoula picta,Dơi mũi nhẵn đốm vàng,Painted bat / Painted woolly bat,Loài,Species,
141,47.0,Manis javanica,Tê tê Java,Sunda pangolin / Malayan pangolin,Loài,Species,
142,48.0,Macaca fascicularis,Khỉ đuôi dài,Long-tailed macaque / Crab-eating macaque,Loài,Species,
143,49.0,Rattus tanezumi,Chuột nhà,Asian house rat / Oriental house rat,Loài,Species,
144,49.0,Rattus norvegicus,Chuột cống,Brown rat / Norway rat,Loài,Species,
145,50.0,Callosciurus finlaysonii,Sóc đỏ,Finlayson's squirrel,Loài,Species,
146,51.0,Tupaia belangeri,Đồi,Northern treeshrew,Loài,Species,
147,52.0,Butastur indicus,Diều Ấn Độ,Grey-faced buzzard,Loài,Species,
148,52.0,Circus aeruginosus,Diều đầu trắng,Western marsh harrier / Eurasian marsh harrier,Loài,Species,
149,52.0,Elanus caeruleus,Diều trắng,Black-winged kite / Black-shouldered kite,Loài,Species,
150,52.0,Milvus migrans,Diều hâu,Black kite,Loài,Species,
151,52.0,Spilornis cheela,Diều hoa Miến Điện,Crested serpent eagle,Loài,Species,
152,53.0,Alcedo atthis,Bồng chanh,Common kingfisher / River kingfisher,Loài,Species,
153,54.0,Anas poecilorhyncha,Vịt trời,Indian spot-billed duck,Loài,Species,
154,54.0,Dendrocygna javanica,Le nâu,Lesser whistling duck,Loài,Species,
155,54.0,Nettapus coromandelianus,Le khoang cổ,Cotton pygmy goose / Cotton teal,Loài,Species,
156,55.0,Anhinga melanogaster,Điêng điểng,Oriental darter,Loài,Species,
157,56.0,Ardea purpurea,Diệc lửa,Purple heron,Loài,Species,
158,56.0,Ardea cinerea,Diệc xám,Grey heron,Loài,Species,
159,56.0,Ardea intermedia,Cò ngàng nhỏ,Intermediate egret,Loài,Species,
160,56.0,Ardeola bacchus,Cò bợ,Chinese pond heron,Loài,Species,
161,56.0,Ardeola speciosa,Cò bợ Mã Lai,Javan pond heron,Loài,Species,
162,56.0,Butorides striata,Cò xanh,Striated heron / Little heron,Loài,Species,
163,56.0,Egretta garzetta,Cò trắng,Little egret,Loài,Species,
164,56.0,Ixobrychus cinnamomeus,Cò lửa,Cinnamon bittern,Loài,Species,
165,56.0,Ixobrychus flavicollis,Cò hương,Black bittern,Loài,Species,
166,56.0,Ixobrychus sinensis,Cò lửa lùn,Yellow bittern,Loài,Species,
167,56.0,Nycticorax nycticorax,Vạc,Black-crowned night heron,Loài,Species,
168,57.0,Coracina macei,Phường chèo xám lớn,Large cuckooshrike,Loài,Species,
169,57.0,Coracina polioptera,Phường chèo xám nhỏ,Indochinese cuckooshrike,Loài,Species,
170,58.0,Caprimulgus macrurus,Cú muỗi đuôi dài,Large-tailed nightjar,Loài,Species,
171,59.0,Cisticola juncidis,Chiền chiện đồng hung,Zitting cisticola,Loài,Species,
172,59.0,Prinia inornata,Chiền chiện bụng hung,Plain prinia,Loài,Species,
173,59.0,Prinia flaviventris,Chiền chiện bụng vàng,Yellow-bellied prinia,Loài,Species,
174,59.0,Orthotomus atrogularis,Chích bông cánh vàng,Dark-necked tailorbird,Loài,Species,
175,59.0,Orthotomus sutorius,Chích đuôi dài,Common tailorbird,Loài,Species,
176,60.0,Leptoptilos javanicus,Già đẩy Java,Lesser adjutant,Loài,Species,
177,60.0,Mycteria leucocephala,Giang sen,Painted stork,Loài,Species,
178,61.0,Chalcophaps indica,Cu luồng,Common emerald dove / Emerald dove,Loài,Species,
179,61.0,Geopelia striata,Cu vằn,Zebra dove / Barred ground dove,Loài,Species,
180,61.0,Spilopelia chinensis,Cu gáy,Spotted dove,Loài,Species,
181,61.0,Streptopelia senegalensis,Cu ngói,Laughing dove,Loài,Species,
182,61.0,Treron pompadora,Cu xanh đuôi đen,Pompadour green pigeon,Loài,Species,
183,61.0,Treron vernans,Cu xanh đầu xám,Pink-necked green pigeon,Loài,Species,
184,61.0,Treron bicinctus,Cu xanh khoang cổ,Orange-breasted green pigeon,Loài,Species,
185,62.0,Coracias benghalensis,Sả rừng,Indian roller,Loài,Species,
186,63.0,Aegithina tiphia,Chim nghệ ngực vàng,Common iora,Loài,Species,
187,64.0,Crypsirina temia,Chim khách,Racket-tailed treepie,Loài,Species,
188,65.0,Dicrurus remifer,Chèo bẻo cờ đuôi bằng,Lesser racket-tailed drongo,Loài,Species,
189,65.0,Dicrurus macrocercus,Chèo bẻo,Black drongo,Loài,Species,
190,65.0,Dicrurus paradiseus,Chèo bẻo đuôi chẻ,Greater racket-tailed drongo,Loài,Species,
191,65.0,Dicrurus leucophaeus,Chèo bẻo xám,Ashy drongo,Loài,Species,
192,66.0,Rhipidura javanica,Rẻ quạt Java,Malaysian pied fantail,Loài,Species,
193,67.0,Cacomantis merulinus,Tìm vịt,Plaintive cuckoo,Loài,Species,
194,67.0,Cacomantis sonneratii,Tìm vịt vằn,Banded bay cuckoo,Loài,Species,
195,67.0,Eudynamys scolopacea,Tu hú,Asian koel,Loài,Species,
196,67.0,Phaenicophaeus tristis,Phướn,Green-billed malkoha,Loài,Species,
197,67.0,Centropus sinensis,Bìm bịp lớn,Greater coucal,Loài,Species,
198,67.0,Centropus bengalensis,Bìm bịp nhỏ,Lesser coucal,Loài,Species,
199,68.0,Glareola maldivarum,Dô nách nâu,Oriental pratincole,Loài,Species,
200,53.0,Halcyon smyrnensis,Sả đầu nâu,White-throated kingfisher / White-breasted kingfisher,Loài,Species,
201,53.0,Pelargopsis capensis,Sả mỏ rộng,Stork-billed kingfisher,Loài,Species,
202,69.0,Hirundo rustica,Nhạn bụng trắng,Barn swallow,Loài,Species,
203,69.0,Riparia riparia,Nhạn nâu xám,Sand martin / Bank swallow,Loài,Species,
204,70.0,Metopidius indicus,Gà lôi nước Ấn độ,Bronze-winged jacana / Pheasant-tailed jacana,Loài,Species,
205,71.0,Lanius cristatus,Bách thanh mày trắng,Brown shrike,Loài,Species,
206,72.0,Merops philippinus,Trảu ngực nâu,Blue-tailed bee-eater,Loài,Species,
207,73.0,Copsychus saularis,Chích chòe than,Oriental magpie-robin,Loài,Species,
208,74.0,Dicaeum cruentatum,Chim sâu lưng đỏ,Scarlet-backed flowerpecker,Loài,Species,
209,75.0,Nectarinia jugularis,Hút mật họng tím,Olive-backed sunbird,Loài,Species,
210,75.0,Leptocoma brasiliana,Hút mật họng hồng,Van Hasselt's sunbird,Loài,Species,
211,76.0,Pandion haliaetus,Ó cá,Osprey,Loài,Species,
212,77.0,Phylloscopus griseolus,Chích bụng vàng,Sulphur-bellied warbler,Loài,Species,
213,78.0,Passer flaveolus,Sẻ bụi vàng,Plain-backed sparrow,Loài,Species,
214,78.0,Passer montanus,Sẻ,Eurasian tree sparrow,Loài,Species,
215,79.0,Lonchura punctulata,Di đá,Scaly-breasted munia / Spotted munia,Loài,Species,
216,79.0,Lonchura striata,Di cam,White-rumped munia,Loài,Species,
217,80.0,Pellorneum ruficeps,Chuối tiêu ngực đốm,Puff-throated babbler,Loài,Species,
218,81.0,Microcarbo niger,Còng cọc,Little cormorant,Loài,Species,
219,82.0,Dendrocopos canicapillus,Gõ kiến nhỏ đầu xám,Grey-capped pygmy woodpecker,Loài,Species,
220,83.0,Tachybaptus ruficollis,Le hôi,Little grebe,Loài,Species,
221,84.0,Pycnonotus blanfordi,Bông lau tai vằn,Streak-eared bulbul,Loài,Species,
222,84.0,Pycnonotus goiavier,Bông lau mày trắng,Yellow-vented bulbul,Loài,Species,
223,85.0,Amaurornis phoenicurus,Cuốc ngực trắng,White-breasted waterhen,Loài,Species,
224,85.0,Gallicrex cinerea,Cúm núm,Watercock,Loài,Species,
225,85.0,Gallinula chloropus,Trích ré,Common moorhen,Loài,Species,
226,85.0,Porphyrio porphyrio,Trích cồ,Purple swamphen,Loài,Species,
227,85.0,Porzana fusca,Cuốc ngực nâu,Ruddy-breasted crake,Loài,Species,
228,86.0,Ketupa flavipes,Dù dì hung,Tawny fish owl,Loài,Species,
229,86.0,Otus sunia,Cú mèo nhỏ,Oriental scops owl,Loài,Species,
230,87.0,Acridotheres tristis,Sáo nâu,Common myna,Loài,Species,
231,87.0,Sturnia malabarica,Sáo đá đuôi hung,Chestnut-tailed starling,Loài,Species,
232,87.0,Sturnia sinensis,Sáo đá Trung Quốc,White-shouldered starling,Loài,Species,
233,87.0,Sturnus nigricollis,Sáo sậu,Black-collared starling,Loài,Species,
234,88.0,Acrocephalus bistrigiceps,Chích đầu nhọn mày đen,Black-browed reed warbler,Loài,Species,
235,88.0,Acrocephalus orientalis,Chích đầu nhọn phương đông,Oriental reed warbler,Loài,Species,
236,89.0,Mixornis gularis,Chích chạch má vàng,Striped tit-babbler,Loài,Species,
237,89.0,Timalia pileata,Họa mi nhỏ,Chestnut-capped babbler,Loài,Species,
238,90.0,Megalurus palustris,Chiền chiện lớn,Striated grassbird,Loài,Species,
239,90.0,Locustella certhiola,Chích đầm lầy lớn,Pallas's grasshopper warbler,Loài,Species,
240,91.0,Tyto alba,Cú lợn lưng xám,Barn owl / Common barn owl,Loài,Species,
241,91.0,Phodilus badius,Cú lợn rừng,Oriental bay owl,Loài,Species,
242,92.0,Zosterops palpebrosus,Vành khuyên,Indian white-eye,Loài,Species,
243,93.0,Calotes mystaceus,Nhông xám,Blue-crested lizard / Indo-Chinese forest lizard,Loài,Species,
244,93.0,Calotes versicolor,Nhông hàng rào,Oriental garden lizard / Changeable lizard,Loài,Species,
245,94.0,Cuora amboinensis,Rùa hộp lưng đen,Southeast Asian box turtle / Malayan box turtle,Loài,Species,
246,94.0,Heosemys annandalii,Rùa răng,Yellow-headed temple turtle / Annandale's turtle,Loài,Species,
247,94.0,Heosemys grandis,Rùa đất lớn,Giant Asian pond turtle,Loài,Species,
248,94.0,Malayemys subtrijuga,Rùa ba gờ,Malayan snail-eating turtle,Loài,Species,
249,94.0,Mauremys mutica,Rùa câm,Asian yellow pond turtle / Chinese pond turtle,Loài,Species,
250,95.0,Boiga multomaculata,Rắn khô rào đốm,Many-spotted cat snake,Loài,Species,
251,95.0,Chrysopelea ornata,Rắn cườm,Ornate flying snake / Golden tree snake,Loài,Species,
252,95.0,Coelognathus radiatus,Rắn sọc dưa,Radiated ratsnake / Copper-headed trinket snake,Loài,Species,
253,95.0,Fowlea piscator,Rắn nước,Checkered keelback,Loài,Species,
254,95.0,Homalopsis mereljcoxi,Rắn ri cá,Masked water snake / Puff-faced water snake,Loài,Species,
255,95.0,Oligodon taeniatus,Rắn khiếm vạch,Streaked kukri snake,Loài,Species,
256,95.0,Ptyas korros,Rắn ráo thường,Chinese rat snake / Indo-Chinese rat snake,Loài,Species,
257,95.0,Ptyas mucosa,Rắn hổ hèo,Oriental rat snake / Common rat snake,Loài,Species,
258,95.0,Rhabdophis subminiatus,Rắn hoa cỏ nhỏ,Red-necked keelback,Loài,Species,
259,96.0,Cylindrophis ruffus,Rắn trun,Red-tailed pipe snake,Loài,Species,
260,97.0,Bungarus fasciatus,Rắn cạp nong,Banded krait,Loài,Species,
261,97.0,Calliophis maculiceps,Rắn lá khô đốm,Speckled coral snake / Small-spotted coral snake,Loài,Species,
262,97.0,Naja naja,Rắn hổ mang Ấn Độ,Indian cobra / Spectacled cobra,Loài,Species,
263,97.0,Naja siamensis,Rắn hổ mèo,Indochinese spitting cobra,Loài,Species,
264,97.0,Ophiophagus hannah,Rắn hổ chúa,King cobra,Loài,Species,
265,98.0,Gekko gecko,Tắc kè,Tokay gecko,Loài,Species,
266,98.0,Hemidactylus frenatus,Thạch sùng đuôi sần,Common house gecko / Asian house gecko,Loài,Species,
267,99.0,Enhydris enhydris,Rắn bông súng,Rainbow water snake,Loài,Species,
268,99.0,Enhydris innominata,Rắn hổ sậy,Burmese mud snake,Loài,Species,
269,99.0,Erpeton tentaculatum,Rắn râu,Tentacled snake,Loài,Species,
270,99.0,Hypsiscopus plumbea,Rắn bồng chì,Rice paddy snake,Loài,Species,
271,99.0,Subsessor bocourti,Rắn ri tượng,Bocourt's water snake,Loài,Species,
272,100.0,Takydromus sexlineatus,Liu điu chỉ,Asian grass lizard / Long-tailed grass lizard,Loài,Species,
273,101.0,Malayopython reticulatus,Trăn gấm,Reticulated python,Loài,Species,
274,101.0,Python bivittatus,Trăn đất,Burmese python,Loài,Species,
275,102.0,Eutropis multifasciata,Thằn lằn bóng hoa,East Indian brown mabuya / Many-lined sun skink,Loài,Species,
276,103.0,Ramphotyphlops braminus,Rắn giun,Brahminy blind snake / Flowerpot snake,Loài,Species,
277,104.0,Varanus bengalensis,Kỳ đà vân,Bengal monitor / Common Indian monitor,Loài,Species,
278,104.0,Varanus salvator,Kỳ đà hoa,Asian water monitor / Common water monitor,Loài,Species,
279,105.0,Trimeresurus albolabris,Rắn lục xanh đuôi đỏ,White-lipped pit viper / White-lipped tree viper,Loài,Species,
280,105.0,Trimeresurus stejnegeri,Rắn lục xanh,Chinese green tree viper / Stejneger's pit viper,Loài,Species,
281,106.0,Xenopeltis unicolor,Rắn hổ hành,Sunbeam snake,Loài,Species,
282,107.0,Duttaphrynus melanostictus,Cóc nhà,Asian common toad / Asian black-spined toad,Loài,Species,
283,107.0,Bufo galeatus,Cóc rừng,Helmeted toad,Loài,Species,
284,108.0,Polypedates leucomystax,Ếch cây mép trắng,Four-lined tree frog / Common tree frog,Loài,Species,
285,109.0,Hylarana macrodactyla,Chàng hiu,Guangdong frog,Loài,Species,
286,109.0,Sylvirana guentheri,Chẫu,Günther's frog,Loài,Species,
287,110.0,Hoplobatrachus rugulosus,Ếch đồng,Chinese edible frog / East Asian bullfrog,Loài,Species,
288,110.0,Fejervarya limnocharis,Ngóe,Asian grass frog / Rice paddy frog,Loài,Species,
289,110.0,Fejervarya cancrivora,Ếch cua,Crab-eating frog,Loài,Species,
290,110.0,Limnonectes poilani,Ếch poilani,Poilani's frog,Loài,Species,
291,110.0,Occidozyga lima,Cóc nước sần,Puddle frog,Loài,Species,
292,111.0,Ichthyophis kohtaoensis,Ếch giun Koh Tao,Koh Tao Island caecilian,Loài,Species,
293,112.0,Anabas testudineus,Cá Rô đồng,Climbing perch,Loài,Species,
294,113.0,Clarias batrachus,Cá Trê trắng,Walking catfish,Loài,Species,
295,113.0,Clarias gariepinus,Cá Trê phi,North African catfish / African sharptooth catfish,Loài,Species,
296,113.0,Clarias macrocephalus,Cá Trê vàng,Bighead catfish,Loài,Species,
297,114.0,Boraras urophthalmoides,Cá Trâm,Exclamation point rasbora,Loài,Species,
298,114.0,Esomus longimanus,Cá Lòng tong dài,Long-finned flying barb,Loài,Species,
299,114.0,Esomus metallicus,Cá Lòng tong sắt,Metallic flying barb,Loài,Species,
300,114.0,Rasbora aurotaenia,Cá Lòng tong đuôi vàng,Pale rasbora,Loài,Species,
301,114.0,Rasbora dusonensis,Cá Lòng tong,Yellow-tailed rasbora,Loài,Species,
302,114.0,Rasbora lateristriata,Cá Lòng tong kẻ,Speckled rasbora,Loài,Species,
303,114.0,Rasbora myersi,Cá Lòng tong lưng thấp,Myers' rasbora,Loài,Species,
304,114.0,Rasbora paviana,Cá Lòng tong vạch,Angular rasbora,Loài,Species,
305,114.0,Rasbora sumatrana,Cá Lòng tong he,Sumatra rasbora,Loài,Species,
306,114.0,Rasbora trilineata,Cá Lòng tong đuôi kéo,Scissortail rasbora,Loài,Species,
307,115.0,Mastacembelus circumcinctus,Cá Chạch bông,Banded spiny eel,Loài,Species,
308,115.0,Mastacembelus erythrotaenia,Cá Chạch lửa,Fire eel,Loài,Species,
309,115.0,Mastacembelus favus,Cá Chạch lấu,Tire track eel / Zig-zag eel,Loài,Species,
310,115.0,Mastacembelus taeniagaster,Cá Chạch bông,Striped spiny eel,Loài,Species,
311,116.0,Chitala ornata,Cá Còm,Clown featherback / Clown knifefish,Loài,Species,
312,116.0,Notopterus notopterus,Cá Thát lát,Bronze featherback,Loài,Species,
313,117.0,Channa lucius,Cá Dầy,Splendid snakehead / Forest snakehead,Loài,Species,
314,117.0,Channa striata,Cá Lóc,Striped snakehead / Common snakehead,Loài,Species,
315,117.0,Ophicephalus micropeltes,Cá Lóc bông,Giant snakehead / Red snakehead,Loài,Species,
316,118.0,Betta splendens,Cá Lia thia xiêm,Siamese fighting fish,Loài,Species,
317,118.0,Betta taeniata,Cá Lia thia,Banded betta,Loài,Species,
318,118.0,Trichopodus microlepis,Cá Sặc điệp,Moonlight gourami,Loài,Species,
319,118.0,Trichopodus pectoralis,Cá Sặc rằn,Snakeskin gourami,Loài,Species,
320,118.0,Trichopodus trichopterus,Cá Sặc bướm,Three-spot gourami / Blue gourami,Loài,Species,
321,118.0,Trichopsis vittata,Cá Bã trầu,Croaking gourami,Loài,Species,
322,119.0,Pristolepis fasciata,Cá Rô biển,Malayan leaffish,Loài,Species,
323,120.0,Micronema moorei,Cá Trèn mỡ,Moore's catfish,Loài,Species,
324,120.0,Kryptopterus sp.,Cá Trèn lá,Glass catfish,Loài,Species,
325,120.0,Ompok bimaculatus,Cá Trèn bầu,Butter catfish,Loài,Species,
326,120.0,Ompok hypophthalmus,Cá Trèn ống,Asian glass catfish,Loài,Species,
327,121.0,Monopterus albus,Lươn đồng,Asian swamp eel / Rice eel,Loài,Species,
328,122.0,Dermogenys pusillus,Lìm kìm ao,Wrestling halfbeak,Loài,Species,
329,122.0,Zenarchopterus clarus,Lìm kìm,Feathered river garfish,Loài,Species,
330,122.0,Zenarchopterus ectuntio,Lìm kìm sông,Estuarine halfbeak,Loài,Species,
331,122.0,Zenarchopterus pappenheimi,Lìm kìm,Pappenheim's halfbeak,Loài,Species,
332,,Magnoliopsida,Hai lá mầm,,Lớp,Class,
333,,Liliopsida,Một lá mầm,,Lớp,Class,
334,,Polypodiopsida,Ráng đa túc,,Lớp,Class,
335,332.0,Cucurbitales,Bầu bí,,Bộ,Order,
336,334.0,Salviniales,Bèo ong,,Bộ,Order,
337,334.0,Schizaeales,Bòng bong,,Bộ,Order,
338,332.0,Solanales,Cà,,Bộ,Order,
339,332.0,Brassicales,Cải,,Bộ,Order,
340,332.0,Sapindales,Cam,,Bộ,Order,
341,332.0,Malvales,Cẩm quỳ,,Bộ,Order,
342,333.0,Arecales,Cau,,Bộ,Order,
343,333.0,Poales,Cói,,Bộ,Order,
344,332.0,Asterales,Cúc,,Bộ,Order,
345,332.0,Oxalidales,Đào bì,,Bộ,Order,
346,332.0,Myrtales,Đào kim nương,,Bộ,Order,
347,332.0,Fabales,Đậu,,Bộ,Order,
348,332.0,Caryophyllales,Diệp đỏ,,Bộ,Order,
349,334.0,Polypodiales,Dương xỉ,,Bộ,Order,
350,333.0,Zingiberales,Gừng,,Bộ,Order,
351,332.0,Piperales,Hồ tiêu,,Bộ,Order,
352,332.0,Boraginales,Hoa diệp hương,,Bộ,Order,
353,332.0,Rosales,Hoa hồng,,Bộ,Order,
354,332.0,Lamiales,Hoa môi,,Bộ,Order,
355,333.0,Dioscoreales,Khoai,,Bộ,Order,
356,332.0,Malpighiales,Lanh,,Bộ,Order,
357,332.0,Gentianales,Long đảm,,Bộ,Order,
358,332.0,Magnoliales,Mộc lan,,Bộ,Order,
359,332.0,Ranunculales,Mộc phòng kỷ,,Bộ,Order,
360,332.0,Apiales,Nhân sâm,,Bộ,Order,
361,332.0,Vitales,Nho,,Bộ,Order,
362,332.0,Aquifoliales,Nhựa rùi,,Bộ,Order,
363,333.0,Alismatales,Ráy,,Bộ,Order,
364,332.0,Malpighiales,Sơ ri,,Bộ,Order,
365,332.0,Nymphaeales,Súng,,Bộ,Order,
366,332.0,Santalales,Tầm gửi,,Bộ,Order,
367,332.0,Ericales,Thạch nam,,Bộ,Order,
368,333.0,Commelinales,Thài Lài,,Bộ,Order,
369,335.0,Cucurbitaceae,Bầu bí,,Họ,Family,
370,336.0,Salviniaceae,Bèo ong,,Họ,Family,
371,336.0,Marsileaceae,Rau bợ,,Họ,Family,
372,337.0,Schizaeaceae,Bòng bong,,Họ,Family,
373,338.0,Convolvulaceae,Bìm bìm,,Họ,Family,
374,338.0,Solanaceae,Cà,,Họ,Family,
375,338.0,Cuscutaceae,Tơ hồng,,Họ,Family,
376,339.0,Capparaceae,Màn màn,,Họ,Family,
377,340.0,Rutaceae,Cam,,Họ,Family,
378,341.0,Malvaceae,Bông,,Họ,Family,
379,341.0,Malvaceae,Cẩm quỳ,,Họ,Family,
380,341.0,Tiliaceae,Đay,,Họ,Family,
381,341.0,Clusiaceae,Măng cụt,,Họ,Family,
382,342.0,Arecaceae,Cau,,Họ,Family,
383,343.0,Cyperaceae,Cói,,Họ,Family,
384,343.0,Poaceae,Hòa thảo,,Họ,Family,
385,343.0,Typhaceae,Hương bồ,,Họ,Family,
386,343.0,Flagellariaceae,Mây nước,,Họ,Family,
387,344.0,Asteraceae,Cúc,,Họ,Family,
388,345.0,Elaeocarpaceae,Côm,,Họ,Family,
389,345.0,Passifloraceae,Nhãn lòng,,Họ,Family,
390,346.0,Combretaceae,Bàng,,Họ,Family,
391,346.0,Lythraceae,Bằng lăng,,Họ,Family,
392,346.0,Melastomataceae,Mua,,Họ,Family,
393,346.0,Onagraceae,Rau dừa,,Họ,Family,
394,346.0,Myrtaceae,Sim,,Họ,Family,
395,347.0,Fabaceae,Đậu,,Họ,Family,
396,348.0,Amaranthaceae,Dền,,Họ,Family,
397,348.0,Basellaceae,Mồng tơi,,Họ,Family,
398,348.0,Nepenthaceae,Nắp ấm,,Họ,Family,
399,348.0,Aizoaceae,Phiên hạnh,,Họ,Family,
400,348.0,Polygonaceae,Rau răm,,Họ,Family,
401,348.0,Portulacaceae,Rau sam,,Họ,Family,
402,348.0,Phytolaccaceae,Thương lục,,Họ,Family,
403,349.0,Polypodiaceae,Dương xỉ phụ sinh,,Họ,Family,
404,349.0,Parkeriaceae,Gạc nai,,Họ,Family,
405,349.0,Dryopteridaceae,Ráng cánh bần,,Họ,Family,
406,349.0,Blechnaceae,Ráng lá dừa,,Họ,Family,
407,349.0,Thelypteridaceae,Ráng thư đực,,Họ,Family,
408,349.0,Aspleniaceae,Tổ điểu,,Họ,Family,
409,350.0,Zingiberaceae,Gừng,,Họ,Family,
410,351.0,Saururaceae,Giấp cá,,Họ,Family,
411,351.0,Piperaceae,Hồ tiêu,,Họ,Family,
412,352.0,Boraginaceae,Vòi voi,,Họ,Family,
413,353.0,Moraceae,Dâu tằm,,Họ,Family,
414,353.0,Ulmaceae,Du,,Họ,Family,
415,353.0,Urticaceae,Gai,,Họ,Family,
416,354.0,Lamiaceae,Bạc hà,,Họ,Family,
417,354.0,Scrophulariaceae,Hoa mõm chó,,Họ,Family,
418,354.0,Acanthaceae,Ô rô,,Họ,Family,
419,354.0,Bignoniaceae,Quao,,Họ,Family,
420,354.0,Lentibulariaceae,Rong ly,,Họ,Family,
421,354.0,Verbenaceae,Tếch,,Họ,Family,
422,355.0,Dioscoreaceae,Củ nâu,,Họ,Family,
423,356.0,Linaceae,Lanh,,Họ,Family,
424,357.0,Apocynaceae,Bông tai,,Họ,Family,
425,357.0,Rubiaceae,Cà phê,,Họ,Family,
426,357.0,Asclepiadaceae,Thiên lý,,Họ,Family,
427,357.0,Apocynaceae,Trúc đào,,Họ,Family,
428,358.0,Annonaceae,Na,,Họ,Family,
429,359.0,Menispermaceae,Tiết dê,,Họ,Family,
430,360.0,Araliaceae,Nhân sâm,,Họ,Family,
431,361.0,Vitaceae,Nho,,Họ,Family,
432,361.0,Leeaceae,Rối hạc,,Họ,Family,
433,362.0,Aquifoliaceae,Bùi,,Họ,Family,
434,363.0,Lemnaceae,Bèo tấm,,Họ,Family,
435,363.0,Araceae,Ráy,,Họ,Family,
436,363.0,Alismataceae,Trạch tả,,Họ,Family,
437,364.0,Euphorbiaceae,Thầu dầu,,Họ,Family,
438,365.0,Nymphaeaceae,Súng,,Họ,Family,
439,366.0,Loranthaceae,Tầm gửi,,Họ,Family,
440,367.0,Styracaceae,Bồ đề,,Họ,Family,
441,368.0,Pontederiaceae,Lục bình,,Họ,Family,
442,368.0,Commelinaceae,Rau trai,,Họ,Family,
443,416.0,Hyptis capitata,É lớn đầu,"False Ironwort, Knobweed",Loài,Species,
444,390.0,Combretum quadrangulare,Trâm bầu,Sakae Naa,Loài,Species,
445,391.0,Lagerstroemia speciosa,Bằng lăng,"Queen Crape Myrtle, Pride of India",Loài,Species,
446,369.0,Zehneria indica,Chùm thẳng,Indian Zehneria,Loài,Species,
447,369.0,Trichosanthes tricuspidata,Cứt quạ trái lớn,"Red Ball Snake Gourd, Bitter Snake Gourd",Loài,Species,
448,369.0,Gymnopetalum integrifolium,Cứt quạ trái nhỏ,Smooth Snake Gourd,Loài,Species,
449,369.0,Coccinia grandis,Mảnh bát,"Ivy Gourd, Scarlet Gourd",Loài,Species,
450,369.0,Luffa operculata,Mướp rừng,"Wild Loofah, Sponge Gourd",Loài,Species,
451,370.0,Salvinia cucullata,Bèo tai chuột,Asian Watermoss,Loài,Species,
452,434.0,Lemna minor,Bèo cám,Common Duckweed,Loài,Species,
453,373.0,Merremia umbellata,Bìm,Hogvine,Loài,Species,
454,373.0,Ipomoea obscura,Bìm mờ,Obscure Morning Glory,Loài,Species,
455,373.0,Ipomoea aquatica,Rau muống,"Water Spinach, Water Morning Glory",Loài,Species,
456,373.0,Cuscuta hygrophilae,Tơ hồng,Dodder,Loài,Species,
457,440.0,Styrax agrestis,Mét,Wild Styrax,Loài,Species,
458,378.0,Abelmoschus moschatus,Bụp vang,"Musk Mallow, Musk Okra",Loài,Species,
459,378.0,Thespesia populnea,Tra bồ đề,"Portia Tree, Pacific Rosewood",Loài,Species,
460,372.0,Lygodium japonicum,Bòng bong leo,Japanese Climbing Fern,Loài,Species,
461,424.0,Dischidia major,Mỏ quạ,Ant Plant,Loài,Species,
462,433.0,Ilex cymosa,Bùi,Florida Holly,Loài,Species,
463,374.0,Solanum torvum,Cà dại hoa trắng,"Turkey Berry, Pea Eggplant",Loài,Species,
464,374.0,Solanum nigrum,Nụ áo,Black Nightshade,Loài,Species,
465,374.0,Capsicum frutescens,Ớt,"Bird's Eye Chili, Tabasco Pepper",Loài,Species,
466,374.0,Physalis angulata,Thù lù,"Angular Winter Cherry, Cut-leaf Ground Cherry",Loài,Species,
467,425.0,Hedyotis crassifolia,An điền lá dầy,Thick-leaved Hedyotis,Loài,Species,
468,425.0,Hydnophytum formicarum,Bí kỳ nam,Ant Plant,Loài,Species,
469,425.0,Uncaria acida,Câu đằng,Hook Vine,Loài,Species,
470,425.0,Hedyotis corymbosa,Cóc mẵn,Diamond Flower,Loài,Species,
471,425.0,Gynochthodes coriacea,Dây vỏ voi,Leathery Morinda,Loài,Species,
472,425.0,Nauclea orientalis,Gáo vàng,Leichhardt Tree,Loài,Species,
473,425.0,Psychotria serpens,Lấu bò,Creeping Psychotria,Loài,Species,
474,425.0,Paederia linearis,Mơ,"Stinkvine, Skunkvine",Loài,Species,
475,425.0,Paederia lanuginosa,Mơ lông,Hairy Skunkvine,Loài,Species,
476,425.0,Morinda citrifolia,Nhàu,"Noni, Indian Mulberry",Loài,Species,
477,425.0,Borreria articularis,Ruột gà,Jointed Borreria,Loài,Species,
478,377.0,Evodia lepta,Bí bái,Slender Evodia,Loài,Species,
479,378.0,Hibiscus sabdariffa,Dấm,"Roselle, Hibiscus",Loài,Species,
480,378.0,Ceiba pentandra,Gòn,Kapok Tree,Loài,Species,
481,378.0,Sida rhombifolia,Ké hoa vàng,Arrowleaf Sida,Loài,Species,
482,382.0,Licuala spinosa,Mật cật gai,Mangrove Fan Palm,Loài,Species,
483,383.0,Rhynchospora triflora,Chủy tử ba hoa,Three-flowered Beaksedge,Loài,Species,
484,383.0,Fimbristylis miliacea,Cỏ chác,Globe Fringerush,Loài,Species,
485,383.0,Cyperus difformis,Cỏ chao,"Variable Flatsedge, Smallflower Umbrella Sedge",Loài,Species,
486,383.0,Fuirena umbellata,Cỏ đắng tán,Umbrella Sedge,Loài,Species,
487,383.0,Kyllinga nemoralis,Cói bạc đầu rừng,Whitehead Spikesedge,Loài,Species,
488,383.0,Kyllinga sp.,Cói bạc đầu,Spikesedge,Loài,Species,
489,383.0,Kyllinga brevifolia,Cói bạc đầu lá ngắn,Shortleaf Spikesedge,Loài,Species,
490,383.0,Cyperus imbricatus,Cói bông lợp,Shingle Flatsedge,Loài,Species,
491,383.0,Cyperus diffusus var. macrostachyus,Cói bông to,Large-spike Flatsedge,Loài,Species,
492,383.0,Cyperus compressus,Cói hoa dẹp,Flat Sedge,Loài,Species,
493,383.0,Mapania bancana,Cói rừng,Thoracostachyum Sedge,Loài,Species,
494,383.0,Cyperus odoratus,Cói thơm,Fragrant Flatsedge,Loài,Species,
495,383.0,Cyperus distans,Cói thưa,Slender Cyperus,Loài,Species,
496,383.0,Mariscus javanicus,Cói tương Java,Javanese Sedge,Loài,Species,
497,383.0,Cyperus haspan,Cú cơm,"Haspan Flatsedge, Dwarf Papyrus",Loài,Species,
498,383.0,Pycreus polystachyos,Cú ma,Manyspike Flatsedge,Loài,Species,
499,383.0,Cyperus iria,Cú rận,Rice Flat Sedge,Loài,Species,
500,383.0,Scleria oblata,Cương rộng,Broadleaf Nutrush,Loài,Species,
501,383.0,Scleria sumatrensis,Mây khía,Sumatran Nutrush,Loài,Species,
502,383.0,Scirpus grossus,Lác hến,Giant Bulrush,Loài,Species,
503,383.0,Eleocharis retroflexa,Năng cong,Curly Spikerush,Loài,Species,
504,383.0,Eleocharis dulcis,Năng ống,Chinese Water Chestnut,Loài,Species,
505,383.0,Cyperus digitatus,U du tía,Finger Sedge,Loài,Species,
506,383.0,Cyperus elatus,"U du, cói màu",Tall Flatsedge,Loài,Species,
507,388.0,Elaeocarpus griffithii,Côm tầng,Griffith's Elaeocarpus,Loài,Species,
508,422.0,Dioscorea glabra,Khoai rạng,Wild Yam,Loài,Species,
509,387.0,Cyanthillium cinereum,Bạch đầu ông,"Little Ironweed, Ash-coloured Fleabane",Loài,Species,
510,387.0,Synedrella nodiflora,Bọ xít,"Nodeweed, Cinderella Weed",Loài,Species,
511,387.0,Blumea glandulosa,Cải trời,Glandular Blumea,Loài,Species,
512,387.0,Blumea barbata,Cải trời bông,Bearded Blumea,Loài,Species,
513,387.0,Emilia scabra,Chua lè nhám,Rough Emilia,Loài,Species,
514,387.0,Ageratum conyzoides,Cỏ cức heo,"Billygoat Weed, Goatweed",Loài,Species,
515,387.0,Chromolaena odorata,Cỏ lào,"Siam Weed, Chromolaena",Loài,Species,
516,387.0,Eupatorium coelestinum,Cỏ lào bông tím,Thoroughwort,Loài,Species,
517,387.0,Eclipta prostrata,Cỏ mực,False Daisy,Loài,Species,
518,387.0,Sphaeranthus africanus,Chân vịt,African Globe Thistle,Loài,Species,
519,387.0,Struchium sparganophorum,Cốc đồng,Buttonweed,Loài,Species,
520,387.0,Centratherum intermedium,Cúc tím hồng,Brazilian Button Flower,Loài,Species,
521,387.0,Bidens pilosa,Hoa xuyến chi,"Black-jack, Spanish Needle",Loài,Species,
522,387.0,Xanthium strumarium,Ké đầu ngựa,Rough Cocklebur,Loài,Species,
523,387.0,Gynura procumbens,Kim thất,Longevity Spinach,Loài,Species,
524,387.0,Pluchea indica,Lức,"Indian Camphorweed, Indian Fleabane",Loài,Species,
525,387.0,Spilanthes oleracea,Núc áo rau,"Toothache Plant, Paracress",Loài,Species,
526,387.0,Grangea maderaspatana,Rau cóc,Madras Carpet Weed,Loài,Species,
527,387.0,Pluchea pteropoda,Sài hồ nam,Winged Camphorweed,Loài,Species,
528,387.0,Crassocephalum crepidioides,Tàu bay,Red Gynura,Loài,Species,
529,395.0,Vigna adenantha,Đậu hoa tuyến,Glandular Cowpea,Loài,Species,
530,395.0,Vigna luteola,Đậu ma,Hairy Cowpea,Loài,Species,
531,395.0,Cajanus cajan,"Đậu săng, đậu chiều",Pigeon Pea,Loài,Species,
532,395.0,Aeschynomene aspera,Điền ma nhám,Pith Plant,Loài,Species,
533,395.0,Acacia auriculiformis,Keo lá tràm,"Earleaf Acacia, Northern Black Wattle",Loài,Species,
534,395.0,Crotalaria pallida,Lục lạc ba lá tròn,Smooth Crotalaria,Loài,Species,
535,395.0,Mimosa pigra,Mai dương,Giant Sensitive Plant,Loài,Species,
536,395.0,Senna tora,Muồng lạc,Sickle Senna,Loài,Species,
537,395.0,Senna alata,Muồng trâu,"Candle Bush, Ringworm Tree",Loài,Species,
538,395.0,Desmodium triflorum,Tràng quả ba hoa,Three-flower Beggarweed,Loài,Species,
539,395.0,Mimosa pudica,Trinh nữ,"Sensitive Plant, Touch-me-not",Loài,Species,
540,413.0,Ficus microcarpa,Gừa,"Chinese Banyan, Indian Laurel",Loài,Species,
541,413.0,Ficus benjamina,Sanh,"Weeping Fig, Benjamin Fig",Loài,Species,
542,413.0,Ficus pisocarpa,Sộp,Pea-fruited Fig,Loài,Species,
543,413.0,Ficus racemosa,Sung,Cluster Fig,Loài,Species,
544,413.0,Ficus hispida,Sung dại,Hairy Fig,Loài,Species,
545,413.0,Ficus sundaica,Sung sundai,Sunda Fig,Loài,Species,
546,380.0,Corchorus aestuans,Rau đay rừng,Wild Jute,Loài,Species,
547,380.0,Muntingia calabura,Trứng cá,"Jamaica Cherry, Singapore Cherry",Loài,Species,
548,396.0,Hoya carnosa,Cầm cù,"Wax Plant, Porcelain Flower",Loài,Species,
549,396.0,Hoya pottsii,Cầm cù,Potts' Hoya,Loài,Species,
550,396.0,Achyranthes aspera,Cỏ xước,Prickly Chaff Flower,Loài,Species,
551,396.0,Tylophora flexuosa,Đầu đài mảnh,Flexible Tylophora,Loài,Species,
552,396.0,Amaranthus spinosus,Dền gai,Spiny Amaranth,Loài,Species,
553,396.0,Alternanthera repens,Rau diệu,Creeping Joyweed,Loài,Species,
554,396.0,Alternanthera sessilis,Rau diếc,Sessile Joyweed,Loài,Species,
555,414.0,Trema tomentosa,Trần mai,Poison Peach,Loài,Species,
556,403.0,Pyrrosia piloselloides,Ráng hỏa mạc đực xỉ,Dragon Scale Fern,Loài,Species,
557,403.0,Pyrrosia longifolia,Ráng hỏa mạc lá dài,Long-leaved Felt Fern,Loài,Species,
558,403.0,Phymatosorus scolopendria,Ráng thư hàng rít,Wart Fern,Loài,Species,
559,404.0,Acrostichum aureum,Ráng đại,"Golden Leather Fern, Mangrove Fern",Loài,Species,
560,404.0,Ceratopteris thalictroides,Ráng gạc nai,"Water Sprite, Water Fern",Loài,Species,
561,415.0,Poikilospermum suaveolens,Rum thơm,Sweet Poikilospermum,Loài,Species,
562,415.0,Pouzolzia sanguinea,Thuốc dòi cây,Blood-red Pouzolzia,Loài,Species,
563,410.0,Houttuynia cordata,Diếp cá,"Fish Mint, Chameleon Plant",Loài,Species,
564,409.0,Cheilocostus speciosus,Cát lồi,Crape Ginger,Loài,Species,
565,411.0,Peperomia pellucida,Càng cua,Wild Pepper,Loài,Species,
566,411.0,Piper lolot,Lốt,"Wild Betel, La Lot",Loài,Species,
567,417.0,Scoparia dulcis,Cam thảo nam,"Sweet Broomweed, Licoriceweed",Loài,Species,
568,417.0,Lindernia crustacea,Lữ đằng cẩn,Malaysian False Pimpernel,Loài,Species,
569,417.0,Bacopa monnieri,Rau đắng,"Water Hyssop, Brahmi",Loài,Species,
570,384.0,Coix lacryma-jobi,Bo bo,Job's Tears,Loài,Species,
571,384.0,Cyrtococcum accrescens,Cầu dĩnh mọc,Creeping Cyrtococcum,Loài,Species,
572,384.0,Eleusine indica,Cỏ mần trầu,"Goosegrass, Wire Grass",Loài,Species,
573,384.0,Sacciolepis myuros,Cỏ bấc,Asian Sacciolepis,Loài,Species,
574,384.0,Leersia hexandra,Cỏ bắc,Southern Cutgrass,Loài,Species,
575,384.0,Cynodon dactylon,Cỏ chỉ,Bermuda Grass,Loài,Species,
576,384.0,Pseudoraphis brunoniana,Cỏ gạo,Mud Grass,Loài,Species,
577,384.0,Leptochloa fusca,Cỏ lông công,Bearded Sprangletop,Loài,Species,
578,384.0,Echinochloa colonum,Lồng vực cạn,Jungle Rice,Loài,Species,
579,384.0,Brachiaria mutica,Cỏ lông tây,Para Grass,Loài,Species,
580,384.0,Echinochloa crus-galli,Cỏ lồng vực,Barnyard Grass,Loài,Species,
581,384.0,Eriochloa procera,Cỏ mật,Cupgrass,Loài,Species,
582,384.0,Eriochloa polystachya,Cỏ mật nhiều gié,Caribbean Cupgrass,Loài,Species,
583,384.0,Panicum repens,Cỏ ống,Torpedo Grass,Loài,Species,
584,384.0,Imperata cylindrica,Cỏ tranh,"Cogon Grass, Blady Grass",Loài,Species,
585,384.0,Cenchrus ciliaris,Cước lông,Buffel Grass,Loài,Species,
586,384.0,Saccharum spontaneum,Cỏ bông lau,Wild Sugarcane,Loài,Species,
587,384.0,Leptochloa chinensis,Mãnh hòa Trung Quốc,Chinese Sprangletop,Loài,Species,
588,384.0,Hymenachne acutigluma,Mồm mỡ,West Indian Marsh Grass,Loài,Species,
589,384.0,Erianthus arundinaceus,"Nga, Lau",Sugarcane Plume Grass,Loài,Species,
590,384.0,Paspalum conjugatum,San cặp,Sour Paspalum,Loài,Species,
591,384.0,Phragmites australis,Sậy,Common Reed,Loài,Species,
592,384.0,Bambusa blumeana,Tre gai,Spiny Bamboo,Loài,Species,
593,384.0,Digitaria setigera,Túc hình tơ,African Couch Grass,Loài,Species,
594,384.0,Digitaria timorensis,Túc hình đảo Timor,Timor Crabgrass,Loài,Species,
595,384.0,Sporobolus tenuissimus,Xạ tử rất nhỏ,Slender Dropseed,Loài,Species,
596,385.0,Typha angustifolia,Bồn bồn,Narrowleaf Cattail,Loài,Species,
597,423.0,Indigofera trifoliata,Vu sa,Trifoliate Indigo,Loài,Species,
598,441.0,Pontederia crassipes,Lục bình,Water Hyacinth,Loài,Species,
599,376.0,Cleome chelidonii,Màn ri,Asian Spider Flower,Loài,Species,
600,381.0,Calophyllum inophyllum,Mù u,"Alexandrian Laurel, Beauty Leaf",Loài,Species,
601,386.0,Flagellaria indica,Mây nước,Supplejack,Loài,Species,
602,397.0,Basella alba,Mồng tơi,"Malabar Spinach, Ceylon Spinach",Loài,Species,
603,397.0,Basella alba var. rubra,Mồng tơi tía,Red Malabar Spinach,Loài,Species,
604,392.0,Melastoma affine,Mua láng,Blue Tongue,Loài,Species,
605,428.0,Annona glabra,Bình bát,"Pond Apple, Alligator Apple",Loài,Species,
606,398.0,Nepenthes mirabilis,Nắp ấm,Tropical Pitcher Plant,Loài,Species,
607,389.0,Passiflora foetida,Nhãn lồng,"Stinking Passionflower, Wild Maracuja",Loài,Species,
608,430.0,Schefflera octophylla,Chân chim,"Ivy Tree, Dwarf Umbrella Tree",Loài,Species,
609,431.0,Cissus modeccoides,Chìa vôi,Rex Begonia Vine,Loài,Species,
610,431.0,Cayratia trifolia,Dây giác,Threeleaf Cayratia,Loài,Species,
611,431.0,Cissus quadrangularis,Hồ đằng bốn cạnh,"Veldt Grape, Square-stalked Vine",Loài,Species,
612,431.0,Cissus verticillata,Hồ đằng rễ mành,Princess Vine,Loài,Species,
613,418.0,Hemigraphis glaucescens,Bán tự mốc,Glaucous Hemigraphis,Loài,Species,
614,418.0,Hemigraphis brunelloides,Bán tự vườn,Brunella Hemigraphis,Loài,Species,
615,418.0,Hygrophila salicifolia,Đình lịch,Willow-leaved Hygrophila,Loài,Species,
616,418.0,Asystasia gangetica,Gan heo,"Chinese Violet, Ganges Primrose",Loài,Species,
617,418.0,Rungia pierrei,Rưng,Pierre's Rungia,Loài,Species,
618,418.0,Ruellia tuberosa,Trái nổ,"Minnieroot, Fever Root",Loài,Species,
619,399.0,Glinus oppositifolius,Rau đắng đất,Opposite-leaved Carpetweed,Loài,Species,
620,419.0,Dolichandrone spathacea,Quao,Mangrove Trumpet Tree,Loài,Species,
621,405.0,Nephrolepis radicans,Ráng thận lân đâm rễ,Trailing Sword Fern,Loài,Species,
622,405.0,Nephrolepis hirsutula,Ráng thận lân có lông,Hairy Sword Fern,Loài,Species,
623,406.0,Stenochlaena palustris,Choại,Climbing Fern,Loài,Species,
624,406.0,Telmatoblechnum serrulatum,Dớn,Oriental Water Fern,Loài,Species,
625,407.0,Christella parasitica,Ráng cù lần,Parasitic Fern,Loài,Species,
626,371.0,Marsilea quadrifolia,Rau bợ,"Four-leaf Clover Fern, Water Clover",Loài,Species,
627,393.0,Ludwigia adscendens,Rau dừa nước,Water Primrose,Loài,Species,
628,393.0,Ludwigia octovalvis,Rau mương,Willow Primrose,Loài,Species,
629,400.0,Persicaria pulchra,Nghể,Creeping Smartweed,Loài,Species,
630,401.0,Portulaca oleracea,Sam,Common Purslane,Loài,Species,
631,442.0,Commelina diffusa,Rau trai,Spreading Dayflower,Loài,Species,
632,435.0,Pistia stratiotes,Bèo tai tượng,Water Lettuce,Loài,Species,
633,435.0,Colocasia esculenta,Môn nước,Taro,Loài,Species,
634,435.0,Homalomena occulta,Thiên niên kiện,Shield Plant,Loài,Species,
635,432.0,Leea rubra,Củ rối,Red Leea,Loài,Species,
636,420.0,Utricularia aurea,Nhĩ cán vàng,Golden Bladderwort,Loài,Species,
637,394.0,Melaleuca cajuputi,Tràm,"Cajuput Tree, White Samet",Loài,Species,
638,394.0,Syzygium lineatum,Trâm khế,Lined Water Apple,Loài,Species,
639,394.0,Syzygium oblata,Trâm rộng,Sea Apple,Loài,Species,
640,438.0,Nymphaea nouchali,Súng lam,Blue Water Lily,Loài,Species,
641,438.0,Nymphaea lotus,Súng trắng,White Lotus,Loài,Species,
642,439.0,Dendrophthoe pentandra,Chùm gửi,Mistletoe,Loài,Species,
643,421.0,Premna serratifolia,Cách,False Elder,Loài,Species,
644,421.0,Lantana camara,Trâm ổi,"Lantana, Spanish Flag",Loài,Species,
645,421.0,Gmelina asiatica,Tu hú,Asian Bushbeech,Loài,Species,
646,437.0,Antidesma ghaesembilla,Chòi mòi,Wild Gooseberry,Loài,Species,
647,437.0,Euphorbia hirta,Cỏ sửa lông,"Asthma Plant, Pill-bearing Spurge",Loài,Species,
648,437.0,Euphorbia heyneana,Cỏ sữa tròn,Heyne's Spurge,Loài,Species,
649,437.0,Phyllanthus amarus,Diệp hạ châu đắng,"Stonebreaker, Carry Me Seed",Loài,Species,
650,437.0,Margaritaria indica,Diệp hạ châu Ấn,Phyllanthus,Loài,Species,
651,437.0,Glochidion littorale,Múi,Coastal Glochidion,Loài,Species,
652,437.0,Phyllanthus reticulatus,Phèn đen,Netted Phyllanthus,Loài,Species,
653,437.0,Ricinus communis,Thầu dầu,"Castor Bean, Castor Oil Plant",Loài,Species,
654,426.0,Hoya carnosa,Cẩm cù,"Wax Plant, Porcelain Flower",Loài,Species,
655,426.0,Hoya pottsii,Cẩm cù,Potts' Hoya,Loài,Species,
656,426.0,Tylophora flexuosa,Đầu đài mảnh,Flexible Tylophora,Loài,Species,
657,402.0,Phytolacca acinosa,Thương lục,Indian Pokeweed,Loài,Species,
658,429.0,Tinospora crispa,Dây cóc,Boraphet,Loài,Species,
659,429.0,Tiliacora triandra,Sương sâm,Yanang,Loài,Species,
660,408.0,Asplenium longissimum,Dớn lông,Long Spleenwort,Loài,Species,
661,408.0,Asplenium nidus,Ráng U Minh,Bird's Nest Fern,Loài,Species,
662,375.0,Cuscuta australis,Dây tơ hồng,Australian Dodder,Loài,Species,
663,436.0,Sagittaria sagittifolia,Rau mác,Arrowhead,Loài,Species,
664,424.0,Alstonia spatulata,Mốp,Spoon-leaved Alstonia,Loài,Species,
665,412.0,Heliotropium indicum,Vòi voi,Indian Heliotrope,Loài,Species,
666,396.0,Celosia argentea,Mào gà trắng,Cockscomb,Loài,Species,
667,396.0,Celosia palmeri,Mào gà tía,Wool Flower,Loài,Species,
668,428.0,Annona muricata,Mãng cầu,"Soursop, Prickly Custard Apple",Loài,Species,
669,384.0,Digitaria radicosa,Túc hình rễ,"Hoary Crabgrass, Slender Crabgrass",Loài,Species,
670,425.0,Oldenlandia corymbosa,Cóc mẵn,"Old World Diamond-flower, Flat-top Flaveria",Loài,Species,
671,417.0,Torenia crustacea,Dây lưỡi đồng,"Malaysian Eye, Blue Wishbone Flower",Loài,Species,
672,414.0,Trema politoria,Bố rừng,"Rough-leaved Trema, Charcoal Tree",Loài,Species,
673,431.0,Causonis trifolia,Dây vác,"Three-leaved Cayratia, Bush Grape",Loài,Species,
674,387.0,Acmella oleracea,Cúc áo hoa vàng,"Spotflower, brazil cress, wild buttercup",Loài,Species,
